SYMBOL,Date,Series,Prev Close,Open,High,Low,Last,Close,VWAP,Volume,Turnover,Trades,Deliverable Volume,%Deliverble,Descripency Detail,Descripency
WIPRO,2021-09-24,EQ,674.3,680.5,699.15,675.0,676.5,676.5,687.0,12126588,833097259680000.0,229739,2866017,23.63,"Vol Down, Delivery Up",1
WIPRO,2021-09-27,EQ,676.5,678.05,678.35,651.0,654.65,653.9,658.22,8399082,552843634289999.94,216413,3577553,42.59,"Vol Down, Delivery Up",1
RELIANCE,2021-09-24,EQ,2489.9,2503.55,2505.45,2472.0,2479.0,2482.7,2488.36,7011181,1744632105545000.0,234214,4228344,60.31000000000001,"Vol Up, Delivery Down",1
RELIANCE,2021-09-27,EQ,2482.7,2487.0,2529.9,2475.3,2527.0,2524.45,2510.93,7095022,1781511654495000.0,224209,4184695,58.98,"Vol Up, Delivery Down",1
ONGC,2021-09-24,EQ,137.75,138.9,139.9,134.5,135.5,136.1,137.66,33667173,463471786345000.0,107557,21776330,64.68,"Vol Up, Delivery Down",1
ONGC,2021-09-27,EQ,136.1,138.05,140.75,137.5,139.95,140.0,139.42,34196564,476775941070000.0,151907,15602369,45.63,"Vol Up, Delivery Down",1
JSWSTEEL,2021-09-24,EQ,677.25,677.25,679.0,650.75,659.8,659.15,660.28,7363339,486184258560000.06,113645,2313727,31.42,"Vol Down, Delivery Up",1
JSWSTEEL,2021-09-27,EQ,659.15,660.45,663.75,646.3,648.1,648.65,655.67,5889365,386147976305000.0,74288,2900927,49.26,"Vol Down, Delivery Up",1
INDUSINDBK,2021-09-24,EQ,1169.15,1172.2,1189.35,1141.25,1160.55,1163.05,1166.1,4615559,538220459530000.0,97117,1498933,32.48,"Vol Down, Delivery Up",1
INDUSINDBK,2021-09-27,EQ,1163.05,1172.0,1177.95,1144.9,1151.0,1150.7,1159.28,3083520,357465569155000.0,56680,1524727,49.45,"Vol Down, Delivery Up",1
HDFCLIFE,2021-09-24,EQ,724.65,728.9,731.3,720.75,725.95,725.8,725.44,2219394,161003271995000.0,68739,1142996,51.5,"Vol Down, Delivery Up",1
HDFCLIFE,2021-09-27,EQ,725.8,729.4,730.25,718.3,721.6,721.0,721.67,1906863,137612535295000.0,66299,1222687,64.12,"Vol Down, Delivery Up",1
HCLTECH,2021-09-24,EQ,1328.3,1340.0,1377.75,1337.0,1359.75,1358.2,1362.58,7951730,1083488101860000.0,196697,4552036,57.25,"Vol Down, Delivery Up",1
HCLTECH,2021-09-27,EQ,1358.2,1366.0,1367.95,1290.05,1299.0,1295.2,1313.55,7653504,1005326268629999.9,260249,5199330,67.93,"Vol Down, Delivery Up",1
ADANIPORTS,2021-09-24,EQ,754.5,756.0,764.9,743.0,743.8,744.8,753.04,4445517,334763858320000.0,70619,791642,17.81,"Vol Down, Delivery Up",1
ADANIPORTS,2021-09-27,EQ,744.8,749.7,753.8,736.4,750.2,750.25,746.15,3803939,283829281380000.0,63043,870469,22.88,"Vol Down, Delivery Up",1
UPL,2021-09-24,EQ,726.85,728.0,731.9,713.55,719.9,718.65,723.47,1372681,99309464930000.0,32485,437768,31.89,-,0
UPL,2021-09-27,EQ,718.65,722.95,737.0,716.25,726.9,725.85,728.07,2611791,190156418520000.0,55165,823435,31.53,-,0
ULTRACEMCO,2021-09-24,EQ,7619.7,7633.0,7642.6,7500.0,7519.0,7521.5,7543.65,341258,257433036850000.0,48702,224826,65.88,-,0
ULTRACEMCO,2021-09-27,EQ,7521.5,7543.6,7670.85,7526.05,7624.0,7622.9,7600.74,261520,198774614895000.0,32729,140198,53.61,-,0
TITAN,2021-09-24,EQ,2105.05,2105.0,2115.0,2085.0,2095.7,2092.9,2094.22,540771,113249566865000.02,39759,271810,50.25999999999999,-,0
TITAN,2021-09-27,EQ,2092.9,2099.0,2107.35,2077.2,2092.5,2090.25,2090.52,507550,106104425785000.0,30520,260013,51.23,-,0
TECHM,2021-09-24,EQ,1521.5,1530.0,1547.85,1511.05,1515.0,1514.75,1529.73,3592146,549501642914999.94,160531,1874366,52.18000000000001,-,0
TECHM,2021-09-27,EQ,1514.75,1523.0,1525.0,1459.2,1465.0,1464.4,1475.14,2728552,402499819960000.0,123076,1485228,54.43,-,0
TCS,2021-09-24,EQ,3869.25,3890.0,3944.4,3855.0,3878.75,3871.3,3908.95,2320754,907171888985000.0,185756,1308031,56.36,-,0
TCS,2021-09-27,EQ,3871.3,3900.0,3904.0,3802.9,3839.0,3836.95,3842.81,1673362,643041574460000.0,126569,989998,59.160000000000004,-,0
TATASTEEL,2021-09-24,EQ,1318.7,1320.0,1324.0,1258.45,1267.0,1272.1,1284.94,13286616,1707251201775000.0,302339,3696928,27.82,-,0
TATASTEEL,2021-09-27,EQ,1272.1,1272.0,1288.7,1261.05,1270.35,1270.5,1274.03,8668877,1104437907925000.0,182487,2936978,33.88,-,0
TATAMOTORS,2021-09-24,EQ,321.5,325.1,326.95,316.05,317.6,317.95,321.43,28901243,928964329045000.1,253775,6895772,23.86,-,0
TATAMOTORS,2021-09-27,EQ,317.95,323.15,333.6,323.15,331.0,331.65,329.81,56305136,1856982520230000.0,470501,14894214,26.450000000000003,-,0
TATACONSUM,2021-09-24,EQ,850.65,850.65,852.0,834.0,836.9,836.75,840.04,2846056,239081343135000.0,63558,1823876,64.08,-,0
TATACONSUM,2021-09-27,EQ,836.75,837.1,842.4,829.0,834.0,835.05,835.25,1433229,119709993520000.0,51946,726374,50.68,-,0
SUNPHARMA,2021-09-24,EQ,769.85,769.0,776.65,762.0,769.05,770.45,769.14,1777859,136741960465000.02,54307,755441,42.49000000000001,-,0
SUNPHARMA,2021-09-27,EQ,770.45,771.45,774.5,760.1,763.0,763.05,764.62,2862731,218891425210000.0,48660,2017591,70.48,-,0
SHREECEM,2021-09-24,EQ,29919.25,29999.0,30036.35,29120.05,29330.0,29411.8,29469.39,45317,133546431659999.98,17660,14956,33.0,-,0
SHREECEM,2021-09-27,EQ,29411.8,29632.15,29820.0,29288.35,29449.95,29476.0,29502.69,28033,82704897510000.0,11014,8528,30.42,-,0
SBIN,2021-09-24,EQ,449.8,451.1,451.9,440.0,440.65,440.75,443.93,10731274,476397370900000.0,131592,2970394,27.68,-,0
SBIN,2021-09-27,EQ,440.75,444.9,450.55,442.25,446.0,446.6,447.06,11746892,525157139070000.0,153034,3999470,34.05,-,0
SBILIFE,2021-09-24,EQ,1218.3,1219.0,1238.55,1207.6,1218.0,1222.05,1225.96,1703375,208827709340000.0,67906,850786,49.95,-,0
SBILIFE,2021-09-27,EQ,1222.05,1229.95,1233.0,1208.85,1222.2,1222.8,1218.66,728019,88720623975000.0,33634,405976,55.76,-,0
POWERGRID,2021-09-24,EQ,178.25,178.3,179.5,175.8,176.25,176.15,178.2,5320059,94801089605000.0,41261,3564744,67.01,-,0
POWERGRID,2021-09-27,EQ,176.15,176.5,177.15,175.1,175.9,176.0,175.78,3904237,68629727975000.0,30874,2603800,66.69,-,0
NTPC,2021-09-24,EQ,126.2,126.5,126.7,123.95,124.0,124.25,124.84,8598140,107335190195000.0,49190,5043150,58.650000000000006,-,0
NTPC,2021-09-27,EQ,124.25,125.3,127.8,124.5,127.55,126.85,126.0,8490460,106982109620000.0,55836,4722495,55.620000000000005,-,0
NESTLEIND,2021-09-24,EQ,19839.0,19927.0,19980.0,19800.0,19845.0,19864.25,19866.36,41894,83228110650000.0,10943,19421,46.36,-,0
NESTLEIND,2021-09-27,EQ,19864.25,19900.0,19900.0,19601.1,19624.0,19642.2,19695.95,45974,90550152525000.0,13776,23127,50.3,-,0
MARUTI,2021-09-24,EQ,6846.7,6850.0,7037.8,6848.0,6953.3,6952.25,6914.88,1649962,1140929312850000.0,94067,802803,48.66,-,0
MARUTI,2021-09-27,EQ,6952.25,6974.0,7448.0,6974.0,7400.0,7403.45,7279.9,2646138,1926360835375000.0,252643,938516,35.47,-,0
M&M,2021-09-24,EQ,758.45,759.5,782.05,752.55,781.0,779.45,772.19,4967824,383611702885000.0,112530,2102194,42.32,-,0
M&M,2021-09-27,EQ,779.45,789.5,813.75,783.05,813.0,811.35,800.63,9210666,737429442815000.0,186933,3591434,38.99,-,0
LT,2021-09-24,EQ,1769.7,1780.0,1810.0,1750.0,1765.2,1768.75,1782.4,3612494,643891251895000.0,147579,2027802,56.13,-,0
LT,2021-09-27,EQ,1768.75,1772.0,1782.75,1737.0,1738.35,1739.6,1749.72,1650711,288828843490000.0,90386,1067444,64.67,-,0
KOTAKBANK,2021-09-24,EQ,2024.0,2030.0,2052.35,2013.9,2026.9,2028.1,2031.11,2114888,429556917020000.0,65688,933062,44.12,-,0
KOTAKBANK,2021-09-27,EQ,2028.1,2031.2,2058.0,2025.5,2034.85,2033.35,2039.44,1830064,373230975375000.0,67818,878628,48.01,-,0
ITC,2021-09-24,EQ,242.5,244.0,244.0,237.7,238.2,238.45,240.27,24823291,596425116840000.0,210081,11708286,47.17,-,0
ITC,2021-09-27,EQ,238.45,239.8,241.85,235.5,238.5,238.7,238.63,22890540,546246972810000.06,164828,8855963,38.69,-,0
IOC,2021-09-24,EQ,118.0,118.0,118.95,116.0,117.1,117.25,117.29,7922579,92921691925000.0,42079,3133330,39.55,-,0
IOC,2021-09-27,EQ,117.25,118.15,118.85,117.5,118.2,118.65,118.26,9939220,117542252795000.0,45897,5685454,57.2,-,0
INFY,2021-09-24,EQ,1742.55,1758.0,1788.0,1752.45,1763.8,1763.85,1772.2,8280446,1467457707585000.0,231499,4249574,51.32,-,0
INFY,2021-09-27,EQ,1763.85,1768.75,1769.0,1718.1,1723.0,1721.15,1732.17,5045337,873937930520000.1,227547,3353897,66.48,-,0
ICICIBANK,2021-09-24,EQ,717.0,722.6,724.6,716.55,722.0,722.95,721.01,11780868,849416963570000.0,173981,7743735,65.73,-,0
ICICIBANK,2021-09-27,EQ,722.95,724.5,731.75,722.3,730.0,730.0,727.97,7712240,561430450120000.0,156197,4214717,54.65,-,0
HINDUNILVR,2021-09-24,EQ,2782.3,2770.1,2780.0,2731.4,2748.2,2746.65,2751.01,1635284,449868972070000.0,106667,1035955,63.35000000000001,-,0
HINDUNILVR,2021-09-27,EQ,2746.65,2765.0,2765.0,2704.5,2718.0,2709.5,2724.89,1465932,399449751420000.0,114472,1014019,69.17,-,0
HINDALCO,2021-09-24,EQ,483.25,481.0,485.65,473.6,477.95,478.75,478.99,9226843,441953782114999.94,91901,3163852,34.29,-,0
HINDALCO,2021-09-27,EQ,478.75,474.9,489.95,472.3,481.0,481.4,482.82,6825039,329524352580000.0,70306,1817237,26.63,-,0
HEROMOTOCO,2021-09-24,EQ,2853.05,2850.0,2862.3,2817.35,2834.0,2833.45,2837.76,603710,171318262145000.0,44689,379278,62.82,-,0
HEROMOTOCO,2021-09-27,EQ,2833.45,2841.0,2928.0,2841.0,2911.25,2912.95,2899.34,1187306,344240290345000.0,81393,554864,46.73,-,0
HDFCBANK,2021-09-24,EQ,1570.0,1579.0,1607.95,1575.0,1599.5,1601.55,1593.03,10403351,1657289484245000.0,285125,6212213,59.71000000000001,-,0
HDFCBANK,2021-09-27,EQ,1601.55,1615.7,1635.5,1608.0,1625.0,1625.1,1626.52,8207731,1335005203155000.0,245375,5061617,61.67,-,0
HDFC,2021-09-24,EQ,2817.4,2818.6,2850.0,2800.0,2829.95,2839.0,2826.46,2433032,687685656455000.0,115209,1416290,58.21000000000001,-,0
HDFC,2021-09-27,EQ,2839.0,2845.75,2869.4,2824.8,2835.0,2839.8,2848.6,2684448,764692987570000.0,116914,1741306,64.87,-,0
GRASIM,2021-09-24,EQ,1606.85,1615.0,1658.0,1615.0,1631.45,1629.75,1639.93,2001841,328287555735000.0,73658,628806,31.41,-,0
GRASIM,2021-09-27,EQ,1629.75,1635.1,1657.25,1622.2,1646.7,1648.8,1638.84,908804,148938855320000.0,39695,375697,41.34,-,0
EICHERMOT,2021-09-24,EQ,2857.05,2861.5,2948.05,2861.5,2945.0,2931.0,2903.99,806905,234324609130000.03,44241,234280,29.03,-,0
EICHERMOT,2021-09-27,EQ,2931.0,2965.0,2994.0,2868.35,2876.15,2879.35,2912.76,1331462,387822350700000.0,78870,489370,36.75,-,0
DRREDDY,2021-09-24,EQ,4797.3,4806.0,4821.1,4778.05,4795.0,4790.35,4797.11,251615,120702422384999.98,26536,119657,47.56,-,0
DRREDDY,2021-09-27,EQ,4790.35,4797.3,4805.65,4733.0,4798.0,4791.65,4767.18,226057,107765357750000.0,21967,99607,44.06,-,0
DIVISLAB,2021-09-24,EQ,5212.1,5235.35,5254.0,5092.0,5107.8,5108.55,5166.75,350328,181005854910000.0,33544,160757,45.89,-,0
DIVISLAB,2021-09-27,EQ,5108.55,5120.0,5133.85,4925.0,4944.0,4932.55,4971.39,553003,274919165175000.0,69423,310329,56.120000000000005,-,0
COALINDIA,2021-09-24,EQ,167.35,168.1,169.45,162.9,166.3,166.1,166.25,17259638,286949563930000.0,94103,6637794,38.46,-,0
COALINDIA,2021-09-27,EQ,166.1,167.0,169.15,165.35,167.0,167.05,167.24,9099672,152185992350000.0,69927,2673484,29.38,-,0
CIPLA,2021-09-24,EQ,968.1,969.6,983.4,960.45,971.0,967.65,970.6,1803409,175039769595000.0,58527,753558,41.79,-,0
CIPLA,2021-09-27,EQ,967.65,965.0,970.05,952.3,961.1,962.7,959.92,1217035,116825609290000.02,40883,631070,51.85000000000001,-,0
BRITANNIA,2021-09-24,EQ,4042.35,4040.0,4098.95,4030.0,4049.3,4042.9,4062.89,373614,151795430890000.0,24139,242197,64.83,-,0
BRITANNIA,2021-09-27,EQ,4042.9,4049.9,4064.6,4000.0,4009.9,4009.6,4016.85,248898,99978663920000.0,22479,154670,62.14000000000001,-,0
BPCL,2021-09-24,EQ,419.95,421.0,423.25,412.05,414.7,414.8,416.93,6337414,264223399490000.0,87686,3729563,58.85,-,0
BPCL,2021-09-27,EQ,414.8,418.45,422.5,416.55,420.7,420.6,420.05,4889433,205380324445000.0,78202,2770551,56.66,-,0
BHARTIARTL,2021-09-24,EQ,726.8,729.05,753.0,728.0,742.9,739.4,741.99,70844952,5256611604490000.0,392132,32677530,46.13,-,0
BHARTIARTL,2021-09-27,EQ,739.4,731.0,731.9,718.15,721.0,722.55,724.34,11282248,817216222045000.0,151903,4728776,41.91,-,0
BAJFINANCE,2021-09-24,EQ,7899.05,7949.85,7949.85,7725.65,7786.45,7793.4,7816.87,1129346,882795433279999.9,159552,484984,42.94,-,0
BAJFINANCE,2021-09-27,EQ,7793.4,7849.0,7860.0,7740.05,7794.0,7795.45,7797.32,650774,507429461510000.06,78772,246962,37.95,-,0
BAJAJFINSV,2021-09-24,EQ,18503.85,18599.95,18813.0,18317.4,18548.0,18526.0,18555.39,373175,692440790465000.0,66012,47385,12.7,-,0
BAJAJFINSV,2021-09-27,EQ,18526.0,18570.0,18747.6,17930.05,18050.0,18031.1,18253.52,407168,743224868565000.0,73122,151622,37.24,-,0
BAJAJ-AUTO,2021-09-24,EQ,3799.2,3800.0,3849.1,3787.05,3811.0,3809.8,3817.3,363519,138765951284999.98,25772,124245,34.18,-,0
BAJAJ-AUTO,2021-09-27,EQ,3809.8,3831.0,3924.8,3822.8,3911.0,3913.4,3883.61,962801,373914638110000.0,59835,303264,31.5,-,0
AXISBANK,2021-09-24,EQ,812.15,812.55,816.95,795.1,796.65,798.05,803.94,5184626,416814046455000.0,132535,2232542,43.06,-,0
AXISBANK,2021-09-27,EQ,798.05,802.9,808.8,792.8,797.45,796.95,798.93,7715259,616397873415000.0,162383,4986513,64.63,-,0
ASIANPAINT,2021-09-24,EQ,3320.65,3330.0,3505.0,3320.85,3445.0,3448.6,3450.33,2775975,957803237115000.0,213860,790446,28.470000000000002,-,0
ASIANPAINT,2021-09-27,EQ,3448.6,3461.6,3470.0,3417.65,3423.0,3430.65,3437.34,902449,310202699120000.0,77996,407677,45.17,-,0
